tweet,Sentimen,,,,,,,,,,,,,,,,,,,,,,,,,Sentimen
jadi pengen urging kalian aja yang sehat dan bisa divaksin please go get your shot karena kalau kalian ga bisa vaksin kaya aku terbatas banget pergerakannya karena emang harus milih bgt main sama siapa dan sering swab juga yang biayanya ga sedikit cries with empty wallet,Positif,,,,,,,,,,,,,,,,,,,,,,,,,
erick thohir mengatakan indonesia memiliki 759 juta vaksin ini artinya jika satu orang menggunakan dua dosis maka cukup utk 375 juta rakyat indonesia semoga rakyat indonesia pada sadar bhw covid19 itu sangat mematikan kalau tidak mau mematuhi protokol kesehatan 2,Positif,,,,,,,,,,,,,,,,,,,,,,,,,
pemerintah terus berupaya keras untuk menghadirkan vaksin covid19 dlm rangka memenuhi kebutuhan vaksinasi di indonesia upaya tersebut salah satunya diwujudkan dgn kembali mendatangkan 8 juta dosis bahan baku vaksin sinovac yg tiba di bandara internasional soetta 31 mei 2021,Positif,,,,,,,,,,,,,,,,,,,,,,,,,
alamdulillah pokoknya jgn pernah nyopot masker gussss vaksin bukan menorak tapi memperhatankan daya tahan tubuh,Positif,,,,,,,,,,,,,,,,,,,,,,,,,
lanjutkan vaksin merah putih,Positif,,,,,,,,,,,,,,,,,,,,,,,,,
pemerintahan jokowi kembali menerima kiriman vaksin sinovac hal ini akan kembali mempercepat pertumbuhan ekonomi nasional karena kesehatan adalah kuncinya,Positif,,,,,,,,,,,,,,,,,,,,,,,,,
kalau kalian di pekanbaru dan eligible buat vaksin mending ikutan deh pemko udah ngasih kemudahan banget buat vaksin tinggal dateng bawa fotokopi ktp dan voilaa bahkan bisa untuk pendatang juga,Positif,,,,,,,,,,,,,,,,,,,,,,,,,
enggak usah degan vaksin aman kok ku juga dah di suntik pas glombang pertama malah yg bulang maret cuma ya gitu kata temen ku mah bikin ngantuk atau laper tapi ku sendiri kaga ngerasian apa,Positif,,,,,,,,,,,,,,,,,,,,,,,,,
erick thohir terima 8 juta bulk vaksin sinovac total sudah 759 juta dosis hari ini senin 31052021 vaksin sinovac tahap ke14 tiba di indonesia masih banyak rakyat yg ngeyel gak mau mematuhi protokol kesehatan apa lagi habis lebaran ini,Positif,,,,,,,,,,,,,,,,,,,,,,,,,
amankan kebutuhan vaksin pemerintah kembali datangkan 8 juta dosis bahan baku vaksin sinovac lengkapnya,Positif,,,,,,,,,,,,,,,,,,,,,,,,,
buahahakalo cairan vaksin itu mengandung magnet seharus lebih dulu nempel di jarum suntik nah itu vaksin gak bakal masuk ke lengan loe kalo mau buat trik mikir dulu,Positif,,,,,,,,,,,,,,,,,,,,,,,,,
masa dosen gw ngajar dan keliaran di lingkungan kampus gapake masker samsek udah macem kebal covid aja mentang2 udah vaksin ujar si adik penyintas covid yang sudah kuliah offline ke 3x di minggu ini,Positif,,,,,,,,,,,,,,,,,,,,,,,,,
sabar senua kebagian vaksin stay healthy aja gitu biar pak jokowi yang urus vaksinnya,Positif,,,,,,,,,,,,,,,,,,,,,,,,,
penjelasan menteri bumn bahwa pemerintah juga terus bekerja keras untuk mengembangkan vaksin merah putih guna membangun kemandirian bangsa dan memenuhi kebutuhan vaksin covid19 dukung jokowi lawan pandemi,Positif,,,,,,,,,,,,,,,,,,,,,,,,,
menteri bumn erick thohir mengawasi secara langsung proses kedatangan vaksin vaksin selain mencegah penularan dan kematian akibat virus covid19 tp juga mempercepat perekonomian bangkit disiplin prokes tetap dijalankan lawan pandemi,Positif,,,,,,,,,,,,,,,,,,,,,,,,,
pemerintah terus menghadirkan vaksin covid19 untuk memenuhi kebutuhan vaksinasi di indonesia upaya tersebut salah satunya diwujudkan dengan kembali mendatangkan 8 juta dosis bahan baku vaksin sinovac yang tiba di bandara soekarnohatta,Positif,,,,,,,,,,,,,,,,,,,,,,,,,
menteri kesehatan budi gunadi sadikin optimis indonesia bisa memberikan 500 ribu hingga 650 ribu dosis vaksin covid 19 setiap hari,Positif,,,,,,,,,,,,,,,,,,,,,,,,,
stay safe indonesia sialnya vaksin kita scinovac ga diakui arab saudi dalam ibadah haji mndatang perlu ada mou dgan pmerintah arab saudi dlam hal ini,Positif,,,,,,,,,,,,,,,,,,,,,,,,,
zoo kalo misal aku mau ikut vaksin subsidi tapi tempatnya lumayan jauh sekitar 14 km di gmaps kasian ga ya kucingnya soalnya aku bawa pake motor klinik deket rumah aku gaada subsidi gengs duit aku lagi pas2an,Positif,,,,,,,,,,,,,,,,,,,,,,,,,
sejumlah 8 juta dosis bahan baku vaksin sinovac hari ini tiba,Positif,,,,,,,,,,,,,,,,,,,,,,,,,
penelitian genomik virus penting untuk mengetahui populasi jenis virus dominan yg beredar di indonesia jika sudah di petakan jadi gampang untuk pendeteksian perawatan dan pembuatan vaksin yg tepat bisa diproduksi,Positif,,,,,,,,,,,,,,,,,,,,,,,,,
tahap ke14 delapan juta bahan baku vaksin covid19 kembali tiba di tanah air,Positif,,,,,,,,,,,,,,,,,,,,,,,,,
sampai saat ini indonesia sudah mempunyai 759 juta dosis bahan baku vaksin,Positif,,,,,,,,,,,,,,,,,,,,,,,,,
indonesia sudah mempunyai 759 dosis juta vaksin menteri,Positif,,,,,,,,,,,,,,,,,,,,,,,,,
pemerintah terus berupaya keras untuk menghadirkan vaksin covid19 dalam rangka memenuhi kebutuhan vaksinasi di indonesia salah satunya diwujudkan dgn kembali mendatangkan 8 juta dosis bahan baku vaksin sinovac yg tiba di bandara soeta tangerang pada senin 31 mei 2021,Positif,,,,,,,,,,,,,,,,,,,,,,,,,
mudah2an ketersediaan vaksin yang sudah meningkat akan meningkatkan juga vaccination rate krn kalo dgn vaccination rate yang masih rendah saat ini maka vaksinasi baru akan selesai setelah lebih dari 2 tahun,Positif,,,,,,,,,,,,,,,,,,,,,,,,,
sampai 31 mei 2021 indonesia sudah mempunyai 759 juta dosis vaksin menteri bumn menuturkan meskipun indonesia mencapai vaksinasi tertinggi di asia tenggara pemerintah akan terus berupaya untuk meningkatkan cakupan vaksinasi tersebut,Positif,,,,,,,,,,,,,,,,,,,,,,,,,
saya guru dan sudah vaksin 1 dan 2 semoga segera ketemu siswa di sekolah,Positif,,,,,,,,,,,,,,,,,,,,,,,,,
wih ternyata gojek kasih insentif super buat mitranya vaksin,Positif,,,,,,,,,,,,,,,,,,,,,,,,,
suntikan vaksin dari ibu dokter satu ini emang luar biasa rasa momaati wkwk btw thanks you loh,Positif,,,,,,,,,,,,,,,,,,,,,,,,,
sampai saat ini indonesia sudah mempunyai 759juta dosis vaksin,Positif,,,,,,,,,,,,,,,,,,,,,,,,,
indonesia sudah mempunyai 759 juta dosis vaksin covid19 dalam bentuk jadi jumlah itu cukup untuk 375 juta orang sejauh ini program vaksinasi pemerintah telah mencapai 269 juta dosis 163 juta di antaranya menerima vaksinasi dosis pertama dan 106 juta jiwa dosis kedua,Positif,,,,,,,,,,,,,,,,,,,,,,,,,
pemerintahan terus mempercepat guliran vaksinasi covid19 unk mencapai kekebalan komunal atauherd immunityyg menargetkan 1815 juta penduduk indonesia menkes budi gunadi menyampaikan dgn pasokan vaksin yg memadai kecepatan vaksinasi kembali tembus 500 ribu per hari,Positif,,,,,,,,,,,,,,,,,,,,,,,,,
vaksin itu bukan untuk mengobati tp untuk mencegahyg di vaksin itu yg masih sehat masbro kalo yg sdh kena covid ga di vaksin tp di obati ke rs ente salah kalo orang di vaksin itu berharap sembuh wong emang ga sakit kok,Positif,,,,,,,,,,,,,,,,,,,,,,,,,
vaksinasi di indonesia lebih baik hingga kini 919 juta dosis vaksin telah diterima,Positif,,,,,,,,,,,,,,,,,,,,,,,,,
dan aku adalah salah satu yg sudah lengkap 2 dosis vaksin namun aku tetap jalankan protokol kesehatan ga pake kompromi,Positif,,,,,,,,,,,,,,,,,,,,,,,,,
20 juta dosis vaksin per hari,Positif,,,,,,,,,,,,,,,,,,,,,,,,,
vaksin merah putih masih terus dikembangkan lawan pandemi,Positif,,,,,,,,,,,,,,,,,,,,,,,,,
tahap ke14 8 juta dosis bahan baku tiba di indonesia dengan kedatangan vaksin tahap ke14 ini maka jumlah pasokan vaksin yang ada mencapai 759 juta dosis vaksin,Positif,,,,,,,,,,,,,,,,,,,,,,,,,
vaksin merah putih masih terus dikembangkan dan bekerja sama dengan 5 universitas dan 2 lembaga penelitian tidak menutup kemungkinan akan bekerjasama dengan pihak2 lain lawan pandemi,Positif,,,,,,,,,,,,,,,,,,,,,,,,,
sampai saat ini indonesia sudah mempunyai 759 juta vaksin di mana dari 759 juta itu kalau satu rakyat indonesia menggunakan dua dosis berarti itu cukup untuk 375 juta orang menteri badan usaha milik negara bumn,Positif,,,,,,,,,,,,,,,,,,,,,,,,,
selain itu ada juga 815 juta dosis bahan baku vaksin sinovac yang setelah diolah di bio farma akan menjadi 655 juta dosis vaksin jadi jadi secara keseluruhan telah terdapat 759 juta dosis vaksin dalam bentuk jadi jokowi melawan pandemi,Positif,,,,,,,,,,,,,,,,,,,,,,,,,
indonesia kedatangan lagi vaksin tahap ke14 total saat ini indonesia telah menerima 3 juta dosis vaksin bentuk jadi sinovac 641 juta dosis vaksin bentuk jadi astrazeneca dan 1 juta dosis vaksin bentuk jadi sinopharm di mana 500 ribu merupakan hibah dari uni emirat arab,Positif,,,,,,,,,,,,,,,,,,,,,,,,,
indonesia kedatangan 8 juta bahan baku vaksinsinovac,Positif,,,,,,,,,,,,,,,,,,,,,,,,,
pemerintah trs berupaya keras utk menghadirkan vaksin covid19 dlm rangka memenuhi kebutuhan vaksinasi di indonesia upaya tersebut slh satunya diwujudkan dgn kembali mendatangkan 8 juta dosis bahan baku vaksin sinovac yg tiba di bandara internasional soetta senin 31 mei 2021,Positif,,,,,,,,,,,,,,,,,,,,,,,,,
funfact may edition jenis vaksin covid19 yang digunakan di indonesia vaksinasi covid19 merupakan salah satu cara untuk menekan penularan virus corona terus apa saja sih jenis vaksin covid19 yang sudah beredar di indonesia kemudian apa perbedaan setiap vaksin tersebut,Positif,,,,,,,,,,,,,,,,,,,,,,,,,
vaksin merah putih terus dikembangkan dan rencananya vaksin merah putih ini dapat disuntikan ke usia dibawah 18 thn bismilah,Positif,,,,,,,,,,,,,,,,,,,,,,,,,
kalau dgn vaksin tidak bisa menghindar dan tahan dari covid19 maka cara terbaik adalah dgn melaksanakan prokes kesehatan dan covid19 dan meningkatkan daya tahan tubuh dan fisik olah raga dll makanan bergizivitamin supaya tahan dari segala macam penyakit termasuk covid19,Positif,,,,,,,,,,,,,,,,,,,,,,,,,
pendaftaran bagi mendapatkan vaksin di seluruh negara meningkat agak ketara ketika ini disebabkan kebimbangan rakyat terhadap penularan dan peningkatan kes covid19 buat masa ini mengesahkan perkara itu menteri penyelaras program imunisasi covid19,Positif,,,,,,,,,,,,,,,,,,,,,,,,,
upaya tersebut salah satunya diwujudkan dengan kembali mendatangkan 8 juta dosis bahan baku vaksin sinovac yang tiba di bandara internasional soekarnohatta tangerang pada senin 31 mei 2021,Positif,,,,,,,,,,,,,,,,,,,,,,,,,
amankan kebutuhan vaksin pemerintah kembali datangkan 8 juta dosis bahan baku vaksin sinovac pemerintah terus berupaya keras untuk menghadirkan vaksin covid19 dalam rangka memenuhi kebutuhan vaksinasi di indonesia,Positif,,,,,,,,,,,,,,,,,,,,,,,,,
syukurnya udah sih mayoritas udh pada vaksin sekantor,Positif,,,,,,,,,,,,,,,,,,,,,,,,,
ada sekolah di bekasi berani mulai tatap mukantar kl ada cluster baru siapa yg akan di salahin prendkl sy ijinin kl sdh tercipta herd immunity ampsemua warga sdh di vaksin prendjgn smp spt kejadian d india,Positif,,,,,,,,,,,,,,,,,,,,,,,,,
usai rapat terbatas penanganan pandemi covid19 menkes menyampaikan dengan pasokan vaksin yang memadai kecepatan vaksinasi kembali tembus 500 ribu per hari,Positif,,,,,,,,,,,,,,,,,,,,,,,,,
vaksinasi corona tahap ketiga sudah dimulai dalam tahap ini vaksin untuk 50 tahun ke atas ikut jadi prioritas berlaku di mana saja,Positif,,,,,,,,,,,,,,,,,,,,,,,,,
amankan kebutuhan vaksin pemerintah kembali datangkan 8 juta dosis bahan baku vaksinsinovac,Positif,,,,,,,,,,,,,,,,,,,,,,,,,
vaksin adalah untuk menambahkan antibody kitabukan untuk xkena langsung covid19lepas ambil vaksinsop sama kena ikut juga semuanyasekurangnya bila anda dh ambil vaksinbila anda kena covidanda dh ada antibody tambahan untuk lawan virus tu dlm bdnfhm ke x,Positif,,,,,,,,,,,,,,,,,,,,,,,,,
menteri bumn memantau langsung kedatangan vaksin covid 19 tahap 14 di bandara soekarnohatta tetap patuhi protokol kesehatan,Positif,,,,,,,,,,,,,,,,,,,,,,,,,
mantappp ayo kita vaksin,Positif,,,,,,,,,,,,,,,,,,,,,,,,,
menteri bumn kini indonesia sudah punya 759 juta vaksin,Positif,,,,,,,,,,,,,,,,,,,,,,,,,
semangat selalu pak terima kasih karena selalu mendukung pengembangan vaksin merah putih ini,Positif,,,,,,,,,,,,,,,,,,,,,,,,,
tahap ke14 8 juta bahan baku vaksin covid19 kembali tiba di tanah air lewat,Positif,,,,,,,,,,,,,,,,,,,,,,,,,
betul banget terpenting nanti kelak obat dan vaksin lancar ya,Positif,,,,,,,,,,,,,,,,,,,,,,,,,
vaksin memang bukan bikin kebal virus tp menyiapkan tubuh supaya kalo kena gejalanya bisa lebih ringan amp mengurangi resiko kematian vaksin cacar jg kena cacar tp gk separah cacar yg seharusnya kan yg bs sampe mati,Positif,,,,,,,,,,,,,,,,,,,,,,,,,
31052021 persiapan dan penyediaan untuk pusat pemberian vaksin ppv telah siap dilaksanakan di majlis daerah simpang renggam,Positif,,,,,,,,,,,,,,,,,,,,,,,,,
insyaallah kerja keras ini kita bisa lihat nanti di akhir tahun dan awal tahun depan apakah kita ada kemajuan dengan vaksin merah putih ataupun vaksin kerja sama dengan pihak lain jelasnya,Positif,,,,,,,,,,,,,,,,,,,,,,,,,
kami juga membuka diri bekerja sama dengan pihakpihak lain karena kita ingin juga bisa memproduksi vaksin sendiri tidak hanya vaksin impor,Positif,,,,,,,,,,,,,,,,,,,,,,,,,
selain mendapatkan vaksin lewat kerja sama bilateral dan multilateral pemerintah juga terus bekerja keras untuk mengembangkan vaksin merah putih guna membangun kemandirian bangsa dan memenuhi kebutuhan vaksin covid19,Positif,,,,,,,,,,,,,,,,,,,,,,,,,
aku punya asma kok tapi syukur dah 2x vaksin maret kemaren gak kenapa cuma demam aja itu pke sinovac gtau klo astra zeneca,Positif,,,,,,,,,,,,,,,,,,,,,,,,,
jangan menyalahkan pemerintah tentang vaksin yakinlah semua yg pemerintah lakukan itu untuk kebaikan kita semua,Positif,,,,,,,,,,,,,,,,,,,,,,,,,
mantab deh para perusahaan berlomba lomba untuk mendaftarkan vaksin mandiri ini buat karyawannya,Positif,,,,,,,,,,,,,,,,,,,,,,,,,
enggak ada yg jamin udah di vaksin bakal terpapar tapi lebih baik di vaksin buat ningkatin daya kekebalan tubuh biar makin kecil kemungkinan terpaparnya,Positif,,,,,,,,,,,,,,,,,,,,,,,,,
vaksin sinovac luar biasa nih,Positif,,,,,,,,,,,,,,,,,,,,,,,,,
jadi tuh kamar dagang dan industri indonesia kadin mencatat sebanyak 11542 perusahaan telah mendaftar program vaksinasi gotong royong alias vaksin mandiri per 14 maret,Positif,,,,,,,,,,,,,,,,,,,,,,,,,
terima kasih kepada semua yang melayan kesedihan saya tentang vaksin appointment esok saya amat menghargainya,Positif,,,,,,,,,,,,,,,,,,,,,,,,,
akhirnya stok vaksin datng lagi yuk vaksinasi gayaa kerenn,Positif,,,,,,,,,,,,,,,,,,,,,,,,,
syukurlah sudah vaksin 2x jadi dampaknya tidak terlalu besar smg cepat sembuh dan cepat berkoar2 lagi,Positif,,,,,,,,,,,,,,,,,,,,,,,,,
kita wajib dukung vaksin merah putih,Positif,,,,,,,,,,,,,,,,,,,,,,,,,
jadi kasian ke ibuknya org sakit tuh butuh support ini malah diomelin sma anakny fix anak ny suka baca berita hoax di wa ttg vaksin nih,Positif,,,,,,,,,,,,,,,,,,,,,,,,,
alhamdulillah sudah dinyatan aman lhoh guyss jgn takut pokoknya vaksin astrazeca udah sangat larisss,Positif,,,,,,,,,,,,,,,,,,,,,,,,,
alhamdulillah vaksin sangat bermanfaat untuk saat ini kece paraahhh semangatt deh ya pokknya,Positif,,,,,,,,,,,,,,,,,,,,,,,,,
dukung terus vaksin merah putih,Positif,,,,,,,,,,,,,,,,,,,,,,,,,
delapan juta vaksin sinovac masukindonesia,Positif,,,,,,,,,,,,,,,,,,,,,,,,,
cape alhamdulillah mamah ku udh luluh teh semoga mamahnya teteh bisa cepat luluh buat mau nerima vaksin,Positif,,,,,,,,,,,,,,,,,,,,,,,,,
vaksin merah putih wajib diwujudkan,Positif,,,,,,,,,,,,,,,,,,,,,,,,,
semoga urusan vaksinisasi juga berjalan lancar Ayo tonton apa itu vaksin,Positif,,,,,,,,,,,,,,,,,,,,,,,,,
aku udh vaksin dong qaqhhhh vaksinnya langsung ke f4 krna emang udh gede jga badannya nnti minggu dpn aku grooming rabunya steril dehhh doain yaaaaa,Positif,,,,,,,,,,,,,,,,,,,,,,,,,
malam ini dapat undangan untuk dapat vaksin covid19 karena saya sudah dapat vaksin di bulan maretapril lalu maka saya beritahukan bahwa saya sudah dapat sehingga bisa dialihkan ke yang belum menerimanya salam damai dan salam sehat,Positif,,,,,,,,,,,,,,,,,,,,,,,,,
alhamdulillah nenek dh dapat vaksin dos yang pertama and alhamdulillah xde alahan apa2 masih steady lagi,Positif,,,,,,,,,,,,,,,,,,,,,,,,,
aaaa udh mulai divaksin ya semoga cepat membaik ya je mungkin sakitmu krn faktor adaptasi vaksin jg,Positif,,,,,,,,,,,,,,,,,,,,,,,,,
bus keliling disulap menjadi bus layanan untuk vaksinasi warga yang jauh dari akses untuk mendapatkan vaksin,Positif,,,,,,,,,,,,,,,,,,,,,,,,,
nervous tapi lega kannnnnn swlamat vaksin,Positif,,,,,,,,,,,,,,,,,,,,,,,,,
vaksin ke2 udeh selesai nyokkkncang ncing nyak babeh ngga useh takut untuk di vaksin biar negara kite cepet terbebas dari pandemi covid19 dan kite juga bise jalan2 lagi apanan,Positif,,,,,,,,,,,,,,,,,,,,,,,,,
wew sdh vaksin,Positif,,,,,,,,,,,,,,,,,,,,,,,,,
bismillah vaksin ikhtiar manusia semiga ketentuan allah taala mengikuti ikhtiar hambanya,Positif,,,,,,,,,,,,,,,,,,,,,,,,,
aku udah di vaksin astra zaneca lengkap puji tuhan ngga ada gejala apa2 baik vaksin pertama atau kedua usahakan pda saat di vaksin jangan tegang biar tekanan darah ngga tinggi,Positif,,,,,,,,,,,,,,,,,,,,,,,,,
alhamdulillah dapat vaksin,Positif,,,,,,,,,,,,,,,,,,,,,,,,,
lusa aku vaksin sia,Positif,,,,,,,,,,,,,,,,,,,,,,,,,
semoga abang baik2 saja cpt sembuh ya terus apa dong gunaya vaksin serius nanya,Positif,,,,,,,,,,,,,,,,,,,,,,,,,
alhamdulillah dah vaksin,Positif,,,,,,,,,,,,,,,,,,,,,,,,,
bisnis vaksin kematian semua yang menentukan hanya tuhan yang maha esa,Positif,,,,,,,,,,,,,,,,,,,,,,,,,
hoo aku cuma memberi semangat aja krn udh kelar vaksin dah lama ada yg demam ksemutan lemes,Positif,,,,,,,,,,,,,,,,,,,,,,,,,
betul kak yang penting vaksin yeyeye,Positif,,,,,,,,,,,,,,,,,,,,,,,,,
warga singkalan balongbendo jalani vaksin covid19,Positif,,,,,,,,,,,,,,,,,,,,,,,,,
gak akan mati dia soalnya sdh vaksin 2 kali,Positif,,,,,,,,,,,,,,,,,,,,,,,,,
tamu tak diundang itu sudah datang vaksin harus jalan terus,Positif,,,,,,,,,,,,,,,,,,,,,,,,,
kamu sudah vaksin saya sudah vaksin 3 kali,Positif,,,,,,,,,,,,,,,,,,,,,,,,,
makan minum yg bener cen banyak yg udh vaksin malah sakit kek mama akuu,Positif,,,,,,,,,,,,,,,,,,,,,,,,,
cilandak rakyat jelata sudah mulai d data say seminggu yll setelah lansia guru asn termsk perangkat desa rtrw dn petugas dasa wisma mereka sudah d vaksin semua mungkin ada bbrp yg g mau,Positif,,,,,,,,,,,,,,,,,,,,,,,,,
oh semoga nanti bisa divaksin sambil menunggu adopter syarat vaksin dan steril jangan lupa ya,Positif,,,,,,,,,,,,,,,,,,,,,,,,,
gpp palingan cuman ngantuk ajja aku baru hari jumat kemarin baru di vaksin,Positif,,,,,,,,,,,,,,,,,,,,,,,,,
kamu gk usah khawatir nder namanya vaksin itu tidak akan berbahaya yang berbahaya itu adalah mindset kamu sendiri yang terlalu worry bgt coba relax dan berfikir Positif ini demi kesehatan bukan untuk demi sakit gitu aja,Positif,,,,,,,,,,,,,,,,,,,,,,,,,
sudahh efeknya gak apa2 cuma laper doang abis vaksin lalu malemnya badan demam diminumi paracetamol trus besok udah biasa aja kok,Positif,,,,,,,,,,,,,,,,,,,,,,,,,
papa mamaku udh tergantung vaksinnya setau aku krn vaksin yg digunakan indo bervarian maaf aku lupa pula varian yg mana vaksin disuntik ke ortu aku ortu aku ga merasakan efek apapun kok,Positif,,,,,,,,,,,,,,,,,,,,,,,,,
vaksin untuk hindari covid,Positif,,,,,,,,,,,,,,,,,,,,,,,,,
sukseskan program vaksin pemerintah,Positif,,,,,,,,,,,,,,,,,,,,,,,,,
dikalangan desa pendalamankampung juga harap dipercepatkan vaksinasi,Positif,,,,,,,,,,,,,,,,,,,,,,,,,
ank bpk terlindungi oleh org yg divaksin pakitu yg dsbt herimmunitycb gugling apa it herdimmunity ya alhamdulillah kl tdk prnh sakit tp hati kl misal naudzubillah jgn sampe kena sakit tertentu yg bs dicegah sm vaksin gk tahu bs separah apa pk imun org beda anyway,Positif,,,,,,,,,,,,,,,,,,,,,,,,,
gini aja nder kamu dateng aja ke tempat vaksinasinya nanti kan sebelum kamu di vaksin pasti di skrining dulu sama dokter disana nah waktu skrining itu kamu sampein ke dokter bahwa kamu punya asma intinya kamu disana harus jujur nanti tunggu aja kptusannya,Positif,,,,,,,,,,,,,,,,,,,,,,,,,
pemerintah terus berupaya untuk meminimalisir dampak pandemi covid19 di bidang kesehatan salah satunya dengan penyediaan stok vaksin bagi seluruh masyarakat indonesia pemerintah berupaya memastikan bahwa masyarakat indonesia bisa mendapatkan akses pada vaksin tersebut,Netral,,,,,,,,,,,,,,,,,,,,,,,,,
waktu vaksin ibu saya report bgt udha dftar jauh2 hari tapi di hari h nya prosedurnya berubah krn pakai pihak ke3 suruh daftar lagi diapps dan bsknya baru bisa divaksin plg dan akhirnya bsknya pergi ke gbk dalam waktu 30 menitan aja udah bisa divaksin tanpa dftr,Netral,,,,,,,,,,,,,,,,,,,,,,,,,
cukupcukuplah bagi gula2 kpd rakyat setakat 2 3 ratus rakyat boleh cari lebih dari itu jika covid dapat dikawal hentikan penularannya bagi vaksin setiap rakyat mpadun patut turun kaw bsama kkm utk vasinasi kaw sendiri ini bila ada election baru sibuk dtg rumah ke rumah,Netral,,,,,,,,,,,,,,,,,,,,,,,,,
semoga habis vaksin aku betulan glowing ya gaada jerawat sih tapi muka w kering n sensitif,Netral,,,,,,,,,,,,,,,,,,,,,,,,,
dgn kedatangan vaksin tahap ke14 ini maka indonesia telah menerima 3 jt dosis vaksin bentuk jd produksi sinovac 641 jt dosis vaksin bentuk jadi produksi astrazeneca amp 1 jt dosis vaksin bentuk jd produksi sinopharm d mana 500 rb merupakan hibah dri pemerintah uni emirat arab,Netral,,,,,,,,,,,,,,,,,,,,,,,,,
jadi 2x vaksin yaa jangka waktu 3bulanan bisa ga ya vaksin se ipb gitu ehh ini gua masi ga yakin bgt smt 3 off wkwkwk,Netral,,,,,,,,,,,,,,,,,,,,,,,,,
delapan juta vaksin sinovac masuk indonesia,Netral,,,,,,,,,,,,,,,,,,,,,,,,,
halusinasi kelompok sekuler kiri radikal yang sok nasionalis memperoleh umpan bagus dari bigpharma global untuk mencapai tiga misi utama depopulasi mengeruk duit dari bisnis vaksin amp menggembosi kebangkitan islam yang terjadi di berbagai belahan dunia,Netral,,,,,,,,,,,,,,,,,,,,,,,,,
belajar tentang konspirasi tak salah sebagai manusia berakal pastilah kita akan mengkaji setiap gerak geri dan langkah yang musuh ambil tapi kalau dh sampai level cucuk vaksin di kaya ada effect dengan internet 5g mmg kepala bi,Netral,,,,,,,,,,,,,,,,,,,,,,,,,
baiknya sih iya kalo di klinikku pasti disuru vaksin dl soale takute kalo pas kondisi drop krn operasi eh malah ditumpangin sakit lain yg parah soalnya di klinik kan bnyk yg dtg karena sakit jg blm jadi vaksin kah,Netral,,,,,,,,,,,,,,,,,,,,,,,,,
diharapkan lintas sektor dapat membagikan dan meneruskan informasi kepada masyarakat luas di wilayah kerja puskesmas mulyorejo agar masyarakat dapat lebih memahami fakta seputar vaksin astrazeneca dan tidak terjadi disinformasi mari sukseskan vaksinasi covid19,Netral,,,,,,,,,,,,,,,,,,,,,,,,,
klo ada jenggot gambar di atas keliru jenggotnya ckur sementara supaya masker bisa rapat sekali lg ada kesempatan vaksin langsung vaksin krn stok nya sulit bantu bawa lansia 65 utk vaksin mkin cpt lansia byk divaksin makin cepat giliran yg lain utk divaksin,Netral,,,,,,,,,,,,,,,,,,,,,,,,,
susah bner mbak biarin aja seleksi alam yg mau si vaksin ya hidup yg gk ya punah ky dinosaurus cm sy yakin yg teriak kenceng gk mau vaksin pas dapet panggilan dateng duluan paling pagi ky gk tau aja banyak orang2 munapik,Netral,,,,,,,,,,,,,,,,,,,,,,,,,
solusi di indo secepatnya vaksin sinovac cukup adanya az juga cukup krn vaksin manapun hampir 100 mencegah kematian akibat covid19 masih bs Positif tp tidak mematikan utk melindungi pakai masker,Netral,,,,,,,,,,,,,,,,,,,,,,,,,
selamat malam berdasarkan data pd twitter bnpb kapasitas vaksinasi perhari 3152021 vaksinasi 12 156318 dosis vaksin 305 v12 130564 dosis 295 v12 271279 dosis 285 v12 423767 dosis dst total realisasi vaksinasi 12 pd 315 2705 juta dosis vaksin,Netral,,,,,,,,,,,,,,,,,,,,,,,,,
pas awal telponan sebagai wanita tangguh aku mencoba keren dengan sok tegas tapi tetep runtuh pas dia ketawa dasar wanita lemah ya obrolannya jelas seputar kehidupanku dan dia selama 4 bulan ekspetasi hidup kenyataan hidup mental covid vaksin dan bola xixi,Netral,,,,,,,,,,,,,,,,,,,,,,,,,
meski udah di vaksin tetap disiplin mematuhi protokol kesehatan ya gaes ingat pandemi belum berakhir mari bangun kesadaran jadikan keselamatan sebagai kebutuhan,Netral,,,,,,,,,,,,,,,,,,,,,,,,,
rakyat indonesia seharusnya disuntik vitamin dan suntik modal usaha bukan suntik vaksin presidents disuntik vaksin kecerdasan,Netral,,,,,,,,,,,,,,,,,,,,,,,,,
efeknya pegal aja area yg sudah disuntik kebetulan w tebel jd ga terlalu sakit juga cuma efek lainnya kan bkin puyeng ato demam tapi itu kan efek samping umum klo sudah vaksin,Netral,,,,,,,,,,,,,,,,,,,,,,,,,
syarat harus mampu bawa ke dokter untuk diobati vaksin dan steril ditambahkan kak,Netral,,,,,,,,,,,,,,,,,,,,,,,,,
iya harus jalur vaksin pemerintah hahaha antriannya masih panjaanngg yaahh mana itu virus mutasinya cepet banget pulak,Netral,,,,,,,,,,,,,,,,,,,,,,,,,
pak jokowi tolong di bekasi dan kabupaten bekasi sebagai kota penyangga jakarta diperhatikan ya pak sampai saat ini masih dibawah 2 persen pelaksanaan vaksin terima kasih pak,Netral,,,,,,,,,,,,,,,,,,,,,,,,,
kalau temenku ada yang keterima daftar vaksin yang diadain shopee diseleksi gtu kerjaan pendaftar bakal ketemu orang banyak apa kaga kalau kaga ya cancel sama ada yang pas anter bapaknya ke tempat vaksin jadi ditawarin sebagai pendamping lansia katanya,Netral,,,,,,,,,,,,,,,,,,,,,,,,,
tadi pagi disuntik vaksin astrazeneca disuntik jam 10 pagi 6 jam kedepan efek sampingnya baru terasa lengan kiri bekas suntik jadi terasa berat agak pegel lamalama badan pada nyeri disertai meriang abis itu nafsu makan berkurang,Netral,,,,,,,,,,,,,,,,,,,,,,,,,
nah itu yg mau di vaksin aja masih ngantri,Netral,,,,,,,,,,,,,,,,,,,,,,,,,
jangan egosi ajalah intinya pake masker ya pake disuruh vaksin ya vaksin jangan mentingin diri sendiri no debat,Netral,,,,,,,,,,,,,,,,,,,,,,,,,
banget kakak yg ad mesti tetep ikut prokes kasian yg emang gabisa vaksin kita harus saling melindungi,Netral,,,,,,,,,,,,,,,,,,,,,,,,,
hari ini ujian hari pertama eh kebagian jadwal suntik vaksin pertama hari ini udah minta reschedule gak bisa suntik jam 9 wib ujian jam 11 wib beberapa waktu selesai ujian tidur siang eh malah demam mantap,Netral,,,,,,,,,,,,,,,,,,,,,,,,,
lahirnya vaksinku vaksin adalah zat atau senyawa yang berfungsi untuk membentuk daya tahan tubuh vaksin dapat merangsang tubuh agar menghasilkan antibodi yang dapat melawan kuman penyebab infeksi oleh karena itu vaksin melindungi diri dari waktu ke waktu,Netral,,,,,,,,,,,,,,,,,,,,,,,,,
pasar vaksin khusus import terbesar di seluruh jagad raya ganti rejim pasti terkuak semua,Netral,,,,,,,,,,,,,,,,,,,,,,,,,
begimane konsepnya america yg segede amp serame gitu bs udh pd vaksin semua,Netral,,,,,,,,,,,,,,,,,,,,,,,,,
pak saya belum divaksin kapan saya dapat jadwal vaksin gratis pak,Netral,,,,,,,,,,,,,,,,,,,,,,,,,
kalau kata dokter kantorku salah satu vaksin program gotong royong itu sinopharm mungkin bisa dapet yang lain juga,Netral,,,,,,,,,,,,,,,,,,,,,,,,,
wkwkwkw kulkas supermarket eh lu mau vaksin kapan di mana bagi info onegai,Netral,,,,,,,,,,,,,,,,,,,,,,,,,
wkwkwkwk lansia udh dapet vaksin blm yahh,Netral,,,,,,,,,,,,,,,,,,,,,,,,,
aku bukan geng anti vaksin percaya lah dia antivax,Netral,,,,,,,,,,,,,,,,,,,,,,,,,
percuma kr arab nggak mengakui urusannya apa dah vaksin sm arab arab memang tdk mengjijinkan 20 negara masuk ke arab untuk mencegah penyebaran covid jd nggak ada urusan lu dah vaksinblm intinya arab sejauh ini memang blm ada rencana membuka boarder,Netral,,,,,,,,,,,,,,,,,,,,,,,,,
harap kuota vaksin di sabah ditambah yb,Netral,,,,,,,,,,,,,,,,,,,,,,,,,
tetap patuhi prokes walau sudah di vaksin,Netral,,,,,,,,,,,,,,,,,,,,,,,,,
dapatkan info drp org2 tua yg dah dapatkan vaksin,Netral,,,,,,,,,,,,,,,,,,,,,,,,,
grab silap age group la sepatutnya bg offer kat org muda,Netral,,,,,,,,,,,,,,,,,,,,,,,,,
mana yang lebih baik vaksin vaksin astrazeneca atau sinovac,Netral,,,,,,,,,,,,,,,,,,,,,,,,,
daftar mu sak senyap senyap ndak payah kau kasitau ibuk mu kasi lanjut sak ibuk mu ambil vaksin hahahahahahaha,Netral,,,,,,,,,,,,,,,,,,,,,,,,,
soal kuota haji 2021 pimpinan dpr kita tidak dapat fokus vaksin dulu,Netral,,,,,,,,,,,,,,,,,,,,,,,,,
ini pernah dikritik pak luhut kenapa produk lokal boks pendingin vaksin nggak masuk ekatalog,Netral,,,,,,,,,,,,,,,,,,,,,,,,,
sy sudah vaksin 2 x ga sampai 3x masbro,Netral,,,,,,,,,,,,,,,,,,,,,,,,,
menurut lu orang seperti apa yang pake helm meski di rumah or dmnpun saat ga berkendara sama abnormalnya sama yg masih takut padahal data selama setaon lebih ga banyak berubah chance of survival by covid mencapai 99 tanpa vaksinpun oke meski yg mo vaksin jg oke sih,Netral,,,,,,,,,,,,,,,,,,,,,,,,,
tolong buat drive thru utk vaksin pulak,Netral,,,,,,,,,,,,,,,,,,,,,,,,,
tubuh kita didesain untuk mampu menahan serangan virus hidup sehat jangan lupa hepihepi jangan stress jangan kebanyakan tagihan dan cicilan youll be safe itu ihktiar yang betul bukan semata vaksin apalagi wajib vaksin,Netral,,,,,,,,,,,,,,,,,,,,,,,,,
jadi yuk simak informasi yang kita berikan tentang varian vaksin covid19 yang digunakan di indonesia saat ini,Netral,,,,,,,,,,,,,,,,,,,,,,,,,
kedatangan vaksin tahap ke 14 simak,Netral,,,,,,,,,,,,,,,,,,,,,,,,,
yang membedakan indonesia dengan india adalah indonesia mau beli vaksin india maunya bikin sendiri akibatnya india terserang wabah indonesia aman djaja walau keseharian berjubel dimanamana protokol kesehatan my ass,Netral,,,,,,,,,,,,,,,,,,,,,,,,,
perks of working disana dimarih ditawarin vaksin,Netral,,,,,,,,,,,,,,,,,,,,,,,,,
pantesan ada rencana vaksin anak2 pahamkan,Netral,,,,,,,,,,,,,,,,,,,,,,,,,
erick thohir prediksi vaksin merah putih baru terlihat akhir2021,Netral,,,,,,,,,,,,,,,,,,,,,,,,,
dua uturn dalam masa dua hari semalam uturn pilihan vaksin adakah esok akan ada lagi uturn yang menjadikan kerajaan ini darul cakap dulu uturn kemudian,Netral,,,,,,,,,,,,,,,,,,,,,,,,,
kesedaran vaksin di terengganu masih lemah ye,Netral,,,,,,,,,,,,,,,,,,,,,,,,,
buruan vaksin,Netral,,,,,,,,,,,,,,,,,,,,,,,,,
hampir 2 miliar dosis vaksin covid 19 diberikan di seluruh dunia,Netral,,,,,,,,,,,,,,,,,,,,,,,,,
istri saya guru sudah divaksin obatnya apa ya tuk meNetralisir vaksin yang sudah masuk di tubuh mohon dibalas dok,Netral,,,,,,,,,,,,,,,,,,,,,,,,,
vaksin ajah ogahsama badannya mungkin racun yg bisa diterima sama badannya mungkin loh yaa mungkin bisa di coba dulu kali,Netral,,,,,,,,,,,,,,,,,,,,,,,,,
tlg bantu warga emas atau sesiapa yg layak supaya dpt hadir utk vaksin,Netral,,,,,,,,,,,,,,,,,,,,,,,,,
pernah dapat daftar dari halodoc vaksin jalur pelayanan publik khusus domisili kabupaten sesuai keterangan event dikasih surat keterangan dari kantor klu memang kami pelayanan publik ga jd vaksin krn tabrakan dgn jadwal vaksin lain non covid,Netral,,,,,,,,,,,,,,,,,,,,,,,,,
sayangnya ga ada vaksin goblok yakk,Netral,,,,,,,,,,,,,,,,,,,,,,,,,
vaksin ga ya,Netral,,,,,,,,,,,,,,,,,,,,,,,,,
jatah vaksin rt zona merah ada sayangnya rtku ini gak merah jd nunggu jatah lain saja,Netral,,,,,,,,,,,,,,,,,,,,,,,,,
ini min monggo aku minggu lalu habis vaksin di puskesmas bareng,Netral,,,,,,,,,,,,,,,,,,,,,,,,,
alhamdulillah sudah dapet vaksin tahap 1 dari kantor thanks uli,Netral,,,,,,,,,,,,,,,,,,,,,,,,,
penerima vaksin berpanas tunggu giliran adun penggaram sediakan kanopi minuman batu pahat 31 mei ahli dewan undangan negeri adun penggaram gan peck cheng menyediakan beberapa unit kanopi bagi melicinkan urusan penerima vaksin di dewan jubli intan,Netral,,,,,,,,,,,,,,,,,,,,,,,,,
bulan ini perkucingan gede juga belum vaksin nih anak 3,Netral,,,,,,,,,,,,,,,,,,,,,,,,,
btw kalau mau vaksin itu bayar apa gratis sih,Netral,,,,,,,,,,,,,,,,,,,,,,,,,
semiga habis vaksin aku betulan glowing ya gaada jerawat sih tapi muka w kering n sensitif,Netral,,,,,,,,,,,,,,,,,,,,,,,,,
ga sih gw lebih merasa gejala gw yg ringan karena sudah d vaksin,Netral,,,,,,,,,,,,,,,,,,,,,,,,,
belom di masi jadwal nya baru di kasih tanggal nya soalnya guru2 masi pada vaksin juga,Netral,,,,,,,,,,,,,,,,,,,,,,,,,
beginilah kalok salah makek vaksin,Netral,,,,,,,,,,,,,,,,,,,,,,,,,
sampai saat ini indonesia sudah mempunyai 759 jt vaksin di mana dari 759 jt itu kalau satu rakyat indonesia menggunakan dua dosis berarti itu cukup untuk 375 jt orang ujar menteri bumn erick thohir dalam keterangan persnya di lokasi kedatangan vaksin,Netral,,,,,,,,,,,,,,,,,,,,,,,,,
lah kan emang beda ini vaksin pas hari rabies khusus vaksin anjing,Netral,,,,,,,,,,,,,,,,,,,,,,,,,
selain itu ada juga 815 juta dosis bahan baku vaksin produksi sinovac yang setelah diolah di bio farma akan menjadi 655 juta dosis vaksin jadi jadi secara keseluruhan telah terdapat 759 juta dosis vaksin dalam bentuk jadi,Netral,,,,,,,,,,,,,,,,,,,,,,,,,
tetap patuh prokes walau sudah di vaksin,Netral,,,,,,,,,,,,,,,,,,,,,,,,,
indonesia kedatangan lagi vaksin sinovac sebanyak 8 juta,Netral,,,,,,,,,,,,,,,,,,,,,,,,,
napa sih anakku mogok makan atau sakit tiap mau vaksin,Netral,,,,,,,,,,,,,,,,,,,,,,,,,
vaksin terbaik untuk kitaa cepat capai herd immunity gaeesss mantap emang,Netral,,,,,,,,,,,,,,,,,,,,,,,,,
terus u udah vaksin pis belum hehe tapi bukan gak mau ya aku ga bisa karena ya ga eligible dan termasuk ke kriteria yang belum boleh divaksin,Netral,,,,,,,,,,,,,,,,,,,,,,,,,
vaksin apa yang anda perlu tahu ayuh daftar vaksin kita jaga kita,Netral,,,,,,,,,,,,,,,,,,,,,,,,,
kenapa x boleh pilih vaksin hak kesihatan adalah hak setiap individu,Netral,,,,,,,,,,,,,,,,,,,,,,,,,
vaksin tersebut diangkut dengan menggunakan pesawat garuda indonesia dengan nomor penerbangan ga 891 dan mendarat sekitar pukul 1148 wib,Netral,,,,,,,,,,,,,,,,,,,,,,,,,
ini pas hamil di suntik vaksin kah,Netral,,,,,,,,,,,,,,,,,,,,,,,,,
sampurasun wargi untuk perkembangan data vaksinasi wargi dapat mengunjungi dashboard vaksin dari kementrian kesehatan pada link berikut hatur nuhun,Netral,,,,,,,,,,,,,,,,,,,,,,,,,
baru lagi liat daftar harga vaksin buat bayi ya ampun makin mahal yak dahlah cukup 2 anak aja gw mah taun dpn berkecimpung lagi imunisasi2an,Netral,,,,,,,,,,,,,,,,,,,,,,,,,
makan tak kenyang mandi tak basah rakyat2 memikirkan tuanku masih tak vaksin lagi,Netral,,,,,,,,,,,,,,,,,,,,,,,,,
alhamdulillah abah dah divaksin 69 tahun,Netral,,,,,,,,,,,,,,,,,,,,,,,,,
saya aja kmrn bs vaksin krn dpt sisa vaksin yg ga terpakai krn ybspenerima vaksin tdk bs dtg krn alasan2 tertentu,Netral,,,,,,,,,,,,,,,,,,,,,,,,,
kapolsek beserta bhabinkamtibmas desa bojonggaok polsek jamanis melaksanakan monitoring vaksin lansia di gor desa sindangraja wilayah hukum polsek jamanis 31052021,Netral,,,,,,,,,,,,,,,,,,,,,,,,,
ini vaksin efeknya emg bikin laper terus atau gimana gue makan mulu tetep aja laper sksksksksk,Netral,,,,,,,,,,,,,,,,,,,,,,,,,
kamis ak suntik vaksin zuzur takut bgt sama suntik wkwk karena terakir suntik sd buset lama jg ya,Netral,,,,,,,,,,,,,,,,,,,,,,,,,
vaksin covid aman gaksieeee guyysss,Netral,,,,,,,,,,,,,,,,,,,,,,,,,
menunggu jadwal batch 4 karena sedang propose vaksin gotong royong,Netral,,,,,,,,,,,,,,,,,,,,,,,,,
alhamdulilah saya sudah vaksin pertama krjasama apindo kepri,Netral,,,,,,,,,,,,,,,,,,,,,,,,,
mentang mentang udah vaksin dikiranya kalau udah vaksin jadi kebal ditinju apa,Netral,,,,,,,,,,,,,,,,,,,,,,,,,
geh serius bgt ini gue nanya tempat dokter hewan dimana trs kalo cuma suntik vaksin buat kucing abis berapa demi apapun ini darurat bgt plisss,Netral,,,,,,,,,,,,,,,,,,,,,,,,,
kok saya blm vaksin tapi udah laper ya chef,Netral,,,,,,,,,,,,,,,,,,,,,,,,,
pengembangan vaksin lokal merah putih ditargetkan rampung di akhir 2021,Netral,,,,,,,,,,,,,,,,,,,,,,,,,
spesialis obstetri dan ginekologi pungky mulawardhana mengatakan penyintas kanker ovarium boleh menerima vaksin covid19 19,Netral,,,,,,,,,,,,,,,,,,,,,,,,,
ada yg tau berapa lama ya efek laper mulu krn vaksin covid vaksin sabtu kemarin sampe hari ini kok berasa laper mulu yak,Netral,,,,,,,,,,,,,,,,,,,,,,,,,
berapa harga 1 vaksin yang majikan perlu bayar untuk pekerja,Netral,,,,,,,,,,,,,,,,,,,,,,,,,
pak men maaf tolong dong bikinin vaksin yg pake ditelan jja ky obat sakit kepala soalny jarum suntik takut ma sy eh kebalik,Netral,,,,,,,,,,,,,,,,,,,,,,,,,
kemenkes mengumumkan penyediaan 59131 dosis vaksin covid19 dalam 24 jam terakhir sehingga total sampai saat ini adalah 12870553,Netral,,,,,,,,,,,,,,,,,,,,,,,,,
haduh jadi kepikiran minggu dpn jadwal vaksin kedua,Netral,,,,,,,,,,,,,,,,,,,,,,,,,
adakah pesakit sle sesuai dengan pengambilan vaksin selain pfizer,Netral,,,,,,,,,,,,,,,,,,,,,,,,,
total sebanyak 24 juta penduduk dki jakarta telah menerima vaksin dari target sekitar 3 juta orang atau sekitar 811,Netral,,,,,,,,,,,,,,,,,,,,,,,,,
8 juta dosis bahan baku vaksin sinovac yang tiba di bandara internasional soekarnohatta tangerang,Netral,,,,,,,,,,,,,,,,,,,,,,,,,
efek vaksin nya baru muncul ga ada angin g ada hujan tetiba panas dan menggigil,Netral,,,,,,,,,,,,,,,,,,,,,,,,,
penyitas autoimun hiper tiroid dan jantung boleh vaksin gak sih,Netral,,,,,,,,,,,,,,,,,,,,,,,,,
plesetan namanama vaksin c19 1 pffffttttzr 2 astrajenaka 3 sinoprank 4 modernland ada lagi,Netral,,,,,,,,,,,,,,,,,,,,,,,,,
erick sebut kemajuan vaksin merah putih terlihat akhir tahun,Netral,,,,,,,,,,,,,,,,,,,,,,,,,
kiriman tahap ke14 sebanyak 8 juta vaksin produk sinovac tiba di bandara soeta,Netral,,,,,,,,,,,,,,,,,,,,,,,,,
habis vaksin efeknya laper terusss aelah tambah gemoy ni badan huhu,Netral,,,,,,,,,,,,,,,,,,,,,,,,,
temen gue bilang nanti kita vaksin hari kamis di wisma asia di otak gue cuma satu anjir hah kok disana kan disana kandangnya covid hah iya ya terus pak security nyeletuk itu mah wisma atlet beda atuh sama wisma asia anjir gue merasa bego banget,Netral,,,,,,,,,,,,,,,,,,,,,,,,,
tadi yang nge vaksin aing gapake aba aba anjlangsung masukin jarum gitu ajagelo,Netral,,,,,,,,,,,,,,,,,,,,,,,,,
dikit2 anter anak gua selalu milih vaksin anak di hari kerja dan jam kerja soalnya kalo weekend rame banget wkwkwk,Netral,,,,,,,,,,,,,,,,,,,,,,,,,
menteri bumn menyampaikan bahwa pemerintah terus bekerja keras utk mendapatkan vaksin merah putih saat ini sdg bekerjasama dgn 5 universitas amp 2 lembaga penelitian krn kita ingin jg bisa memproduksi vaksin sendiri tidak hnya vaksin impor jokowi lawan pandemi,Netral,,,,,,,,,,,,,,,,,,,,,,,,,
tetangga aku yg kena pada udah vaksin 2kali gejalanya kaya masuk angin aja pegel2 gitu,Netral,,,,,,,,,,,,,,,,,,,,,,,,,
indonesia salah satu negara terbanyak melakukan vaksincovid,Netral,,,,,,,,,,,,,,,,,,,,,,,,,
jadi secara kumulatif vaksin jadi dan bulk yang telah diterima indonesia adalah 919 juta dosis setelah vaksin bulk diolah bio farma maka terdapat total jumlah vaksin jadi sebesar 759 juta dosis,Netral,,,,,,,,,,,,,,,,,,,,,,,,,
alhamdulillah siang ini telah datang lagi tambahan 8 juta vaksin dalam bentuk bahan baku atau bulk yang diproduksi sinovac biotech ltd,Netral,,,,,,,,,,,,,,,,,,,,,,,,,
kalo di pekanbaru sering2 aja pantengin ig brosispku suka ada info jadwal vaksin terbaru vaksin untuk umum aku irt usia 30 thn amp pendatang cukup bawa ktp amp copyannya bisa vaksin,Netral,,,,,,,,,,,,,,,,,,,,,,,,,
amankan kebutuhan vaksin pemerintah kembali datangkan 8 juta dosis bahan baku vaksin sinovac,Netral,,,,,,,,,,,,,,,,,,,,,,,,,
ak sering tanya gini ke temen2 yang update ud vaksin kalo rakjel gimanaa,Netral,,,,,,,,,,,,,,,,,,,,,,,,,
mulai membahas dari efektivitas keamanan hingga kelebihan dari vaksin astrazeneca,Netral,,,,,,,,,,,,,,,,,,,,,,,,,
abis di vaksin meriang pegal2 timbul jerawat nyeri perut bagian bawah pas liat tanggal ternyata pms,Netral,,,,,,,,,,,,,,,,,,,,,,,,,
indonesia kembali terima 8 juta dosis vaksin sinovac,Netral,,,,,,,,,,,,,,,,,,,,,,,,,
dalam pertemuan daring ini puskesmas mulyorejo memberikan sosialisasi mengenai fakta seputar vaksin astrazeneca sosialisasi dilaksanakan bersama narasumber dr gamar membahas mengenai fakta seputar vaksin astrazeneca,Netral,,,,,,,,,,,,,,,,,,,,,,,,,
xl axiata perpanjang sentra vaksinasi indonesia bangkit sudah suntik vaksin ke 28 ribu warga lansia,Netral,,,,,,,,,,,,,,,,,,,,,,,,,
aku ga di kasih vaksin tapi ttep suka ngantuk sama laper ya,Netral,,,,,,,,,,,,,,,,,,,,,,,,,
kalian udah pada dapet vaksin astrazeneca atau sinovac,Netral,,,,,,,,,,,,,,,,,,,,,,,,,
tanya coba ke gubes ini sudah terima vaksin 2x blom,Netral,,,,,,,,,,,,,,,,,,,,,,,,,
habis vaksin mau nonton conjuring,Netral,,,,,,,,,,,,,,,,,,,,,,,,,
doc kalau pernah positive covid19 boleh ambil vaksin ga,Netral,,,,,,,,,,,,,,,,,,,,,,,,,
harus berapa kali vaksin baru bisa kebal atau vaksin tidak menjamin kebal covid 19 bagaimana bung mohon pencerahannya,Netral,,,,,,,,,,,,,,,,,,,,,,,,,
hasil konsul di halodo aku konsum obat cetrizine methylprednisolone dan olesin salep gentasolon buat nambah imun tubuh propoelix tetep 1x sehari atas saran dokter konsul sebelum vaksin aku konsum vit d yg 1000 iu,Netral,,,,,,,,,,,,,,,,,,,,,,,,,
ini piyee to mbak dah 2x mngkn ada yg berkenan drop link ttg valid ny setelah di vaksin bakal gk terinfeksi virus deseas,Netral,,,,,,,,,,,,,,,,,,,,,,,,,
itulah hebatnya pemerintah ethiopia dengan cepat melakukan vaksin shg ga perlu tracing dan testing lagi visioner,Netral,,,,,,,,,,,,,,,,,,,,,,,,,
bunda gue lagi sibuk bgt ngurusin vaksin,Netral,,,,,,,,,,,,,,,,,,,,,,,,,
temen udh pada sakit aja pasca vaksin kedua,Netral,,,,,,,,,,,,,,,,,,,,,,,,,
aku reschedule aja bel wkwk kalo vaksin hari ini masih harus lembur takut ngedrop soalnya kan,Netral,,,,,,,,,,,,,,,,,,,,,,,,,
wkwkwkwk tar gw gini ah klo vaksin,Netral,,,,,,,,,,,,,,,,,,,,,,,,,
ini gak ada vaksin ke3 atau ke4 ya sumpah iri banget liat bapak2 yg takut suntik sampek menjerit2 terus peluk2 polisi muda sambil mukanya ndusel di perut aku iri pak iri,Netral,,,,,,,,,,,,,,,,,,,,,,,,,
bapakku udah vaksin efeknya ngantuk aja kalau bekas suntik udah pasti pegel ak dulu suntik kb aja pegel sampai 7 hari,Netral,,,,,,,,,,,,,,,,,,,,,,,,,
daftar gojekgrab udah pada vaksin,Netral,,,,,,,,,,,,,,,,,,,,,,,,,
bea cukai soetta pastikan impor vaksin lancar,Netral,,,,,,,,,,,,,,,,,,,,,,,,,
kapolsek dolok pantau vaksin sinovac di upt puskesmas dolok merawan,Netral,,,,,,,,,,,,,,,,,,,,,,,,,
vaksin dapet astrazeneca setelah 12 jam berasa anget terus minum obat yg dikasih ketiduran besokannya mendingan selama 2 hari daerah yg disuntik pegel abis itu normal lg,Netral,,,,,,,,,,,,,,,,,,,,,,,,,
badan di nyamukin terus abis vaksin wajar gak sih,Netral,,,,,,,,,,,,,,,,,,,,,,,,,
ada yang demam sehari ada yang pegel aja di badan lupa yang pertama yg mana 2x vaksin,Netral,,,,,,,,,,,,,,,,,,,,,,,,,
tergantung vaksin kayanya nder bokap vaksin sinovac tanggal 24 kemarin dan efeknya ga terlalu keliatan sih mungkin karena ditimpa makan banyak kali ya,Netral,,,,,,,,,,,,,,,,,,,,,,,,,
indonesia tak dapat kuota haji 2021 vaksin covid19 diduga jadi penyebab,Netral,,,,,,,,,,,,,,,,,,,,,,,,,
saya tinggal di kec gn puyuh usia 55 kapan saya bisa dapat vaksin mohon informasi ya,Netral,,,,,,,,,,,,,,,,,,,,,,,,,
untuk yang masih bimbang tentang vaksin astra zeneca,Netral,,,,,,,,,,,,,,,,,,,,,,,,,
bantah dagang vaksin gotong royong erick thohir pemerintah sudah keluarkan rp 77 triliun halaman all kompas,Netral,,,,,,,,,,,,,,,,,,,,,,,,,
dari 27 kasus kematian setelah divaksin astrazeneca ternyata penyebabnya bukan si vaksin bpom sudah izinkan lagi vaksin itu soal trio tunggu hasil autopsi,Negatif,,,,,,,,,,,,,,,,,,,,,,,,,
sebenarnye kalau diteliti dihadam difikirkan secara mendalam tak mustahil dlm masa 2 tahun org yg amek vaksin ni mati mati sebab stress dgn antivaks sbb antivaks ni punca kes even sampai abg jamil mampos hidup balik tak turunturun sorry emo ikan bilis habis nak masak ni,Negatif,,,,,,,,,,,,,,,,,,,,,,,,,
jemaah haji berbagai negar bisa masuk arab krn memakai sinofarm bgimna dgn indonesia vaksin apa yg dipakai tentunya harapan jemaah haji ada yg brngkat tahun ini krn makin numpung jamaah yg siap berngkat seharusnya pemerintah berusha deplomasi agar ad yg bengkat,Negatif,,,,,,,,,,,,,,,,,,,,,,,,,
pertanyaan besar untuk rakyat indonesia apa fungsi vaksin pak klo sampai sudah dua kali vaksin tapi tetap kena covid jadinya vaksin itu tanda tanya,Negatif,,,,,,,,,,,,,,,,,,,,,,,,,
tapi gue takut anjir di vaksin maksudnya udah lama gak disuntik vaksin terakhir tahun lalu pas mcu itu juga karena ambil sample darah ini kan lo divaksin biasanya gue kalo disuntik nyerinya di tulang,Negatif,,,,,,,,,,,,,,,,,,,,,,,,,
lantas informasi terkait belum efektifnya vaksin tidak 100 bekerja sebagai penangkal pun mulai berseliweran puncaknya saya mulai dapat berita dr kawan2 yg bepergian sesampai di bandara tetap diwajibkan untuk kembali swab rasa kecewa pun mulai muncul,Negatif,,,,,,,,,,,,,,,,,,,,,,,,,
update 11 jam setelah vaksin badan mulai meriang amp agak demam kayak kena flu seperti pada umumnya udah minum 1 tablet paracetamol yg diresepin tadi pagi perut laper terus makan berat udah 5x hari ini terus sama sekali ngga bloated parah,Negatif,,,,,,,,,,,,,,,,,,,,,,,,,
gue kesel deh baca kek yang lo tuh gak mau menyediakan ok lo gak mau menyelenggarakan vaksin buat seluruh karyawan nyuruh masing masing sih oke tapi ngancemnya pakai kontrak dipotong tuh kek too much,Negatif,,,,,,,,,,,,,,,,,,,,,,,,,
iyaaa bikin mager pergi ga tau nih ini aja vaksin jg msh mbuhlah katanya walau udh vaksin ttp be bsa kena,Negatif,,,,,,,,,,,,,,,,,,,,,,,,,
peraih nobel sebut penerima vaksin meninggal dalam 2 tahun republika online opsiflash,Negatif,,,,,,,,,,,,,,,,,,,,,,,,,
goblog jgn dipiara anak tetangga udh divaksin cacar tetep jg kena cacar lu vaksin anti goblog dulu gih,Negatif,,,,,,,,,,,,,,,,,,,,,,,,,
nafsu makanku jadi berubah semenjak vaksin dah kurus bisa tambah kurus ini ya allah,Negatif,,,,,,,,,,,,,,,,,,,,,,,,,
kalo bisa disemprotkan ngapain capecape pake injeksi vaksin segala semprotin aja di pasar ngarangnya parah dah,Negatif,,,,,,,,,,,,,,,,,,,,,,,,,
pelaksanaan vaksin di lapangan kacau tidak ada informasi dari kelurahan pd warga yg memenuhi syarat divaksin warga cari tahu sendiri tempat vaksinasi gmn target vaksinasi bisa tercapai,Negatif,,,,,,,,,,,,,,,,,,,,,,,,,
ga guna donk vaksin,Negatif,,,,,,,,,,,,,,,,,,,,,,,,,
bos saya mohon ijin ndak masuk ya hari ini badan meriang2 kemarin habis vaksin tadi malem demam tinggi bisa buka gadgetdevice gak bisa bisa ngetik gak jarinya bisa listrik nyala gak di rumah nyala yaudah kamu wfh aja report hari ini before lunch gw,Negatif,,,,,,,,,,,,,,,,,,,,,,,,,
ketua badan kerja sama antar parlemen bksap dpr ri fadli zon mengaku terinfeksi covid19 meski telah dua kali disuntik vaksin covid19,Negatif,,,,,,,,,,,,,,,,,,,,,,,,,
barisan menteri ngan timbalan je dh ramai tpi apsal kerajaan smpai tabung pencen rakyat pon dijadikan bantuan sop pkp mcm xde pkp duit kerajaaan selalu habis hutan byk dh gondol banjir selalu berlaku vaksin lambat agih janji laptop kelaut ternet cam haprak bersambung,Negatif,,,,,,,,,,,,,,,,,,,,,,,,,
sekarang ni perang melawan covid menteri golongan kayangan anti vaksin ha apa lagi,Negatif,,,,,,,,,,,,,,,,,,,,,,,,,
kanan kiri ngomongin vaksin semua sini kapan ya kok kutunggu2 kagak ada kabar vaksin,Negatif,,,,,,,,,,,,,,,,,,,,,,,,,
cinta mau gue suntik vaksin babi ngepet,Negatif,,,,,,,,,,,,,,,,,,,,,,,,,
sekarang ga usah sosialisasi klu vaksin itu penting agar yg ga mau divaksin jadi mau karena orang yg dari dulu siap divaksin aja ga jelas kapan buat apa mikirin yg ga mau divaksin,Negatif,,,,,,,,,,,,,,,,,,,,,,,,,
oke sekolah buka gurnya dah di vaksin lunas semua sekolah sanggup melakukan 5m sekolah apakah bisa menjamin anak murid langsung pulang ke rumah pada saat bubar sekolah sanggup menjamin transportasi umum bebas covid ini anak2 bangsa loh pak yg anda pertaruhkan,Negatif,,,,,,,,,,,,,,,,,,,,,,,,,
apa spt yg ditakutkanmengcovid19 dgn vaksin sinovac nyata2nya sdh byk korban yg mjd covidlumpuhampmatiknp pemerintahmenkesampsatgas covid19 tdk stop dahulu vaksinasi massal utk dproses kaji ulang,Negatif,,,,,,,,,,,,,,,,,,,,,,,,,
semua dibilang meninggalnya terpapar covid meski telah vaksin bkn krn vaksin dimana2 tempat byk cerita yg sama meninggalnya bisa dalam jarak 1 minggu pula setelah vaksin ternyata covid bs merengut nyawa dlm wkt 3 sd 7 hari covidsmart gak aware ttg itu,Negatif,,,,,,,,,,,,,,,,,,,,,,,,,
tunjuklah bukti amp fakta saintifik mengatakan vaksin az ada elemen babi sebelum kau pulak yang aku babikan nanti,Negatif,,,,,,,,,,,,,,,,,,,,,,,,,
vaksin mengandung magnetchip dsb apalah itu bapaknya lagi keringetan kali bisa nempel tu coin 1000an td nyoba nempelin trnyata bisa nempel kok padahal blm vaksin hahahaha,Negatif,,,,,,,,,,,,,,,,,,,,,,,,,
suruhlah perusahaan rokok itu membayar vaksin ga perlu pake2 lockdown segala,Negatif,,,,,,,,,,,,,,,,,,,,,,,,,
gubernur aceh Positif covid19 sudah 2 kali disuntik vaksin,Negatif,,,,,,,,,,,,,,,,,,,,,,,,,
bab vaksin ada bahan tak halal dia cakna walaupun dah difatwakan halal tapi bab forex yang dah sah2 fatwa haram dia buat selamba so siapa fitnah akhir zaman sebenarnya,Negatif,,,,,,,,,,,,,,,,,,,,,,,,,
tolong itu pak nasib diperhatikan juga keuangannya terancam pailit udah berjasa angkut vaksin covid19,Negatif,,,,,,,,,,,,,,,,,,,,,,,,,
kalau vaksin ada dna dinosaur pun aku dengan rela hati akan ambik lmao darurat kot takut betul diorang dengan babi padahal perangai cam babi gak huhu,Negatif,,,,,,,,,,,,,,,,,,,,,,,,,
voksan vaksin aja dipromosi in giliran ada yang mati karna vaksin pada diam alasan nya penyakit bawaan lah inilah itulah,Negatif,,,,,,,,,,,,,,,,,,,,,,,,,
mana boleh masuk kalau dah masuk harini odo orang dapat double tape macam kau ni lah yg percaya magnet melekat lepas vaksin padahal sebab gam bongok,Negatif,,,,,,,,,,,,,,,,,,,,,,,,,
dua kali vaksin fadli zon tetap Positif covid19 kok bisa,Negatif,,,,,,,,,,,,,,,,,,,,,,,,,
corona haha lagian kena corona jg kg ada rasanya apa apa ya cmn yg meninggal itu kans sudah punya penyakit lain jg jdi blm tentu salahnya si corona kan kenapa harus diurusin terus apa karena nnti swab n vaksin jdi kg laku ato gmna,Negatif,,,,,,,,,,,,,,,,,,,,,,,,,
anti vaksin is real,Negatif,,,,,,,,,,,,,,,,,,,,,,,,,
aku harihari cek vaksin aku lulus ka ndak kadang sampai 5 or 6 kali shari tapi tu lah cek 100 kali pun stil jugak ndak lulus bha,Negatif,,,,,,,,,,,,,,,,,,,,,,,,,
wuidih apa syarat masuk shrine harus udah vaksin yak,Negatif,,,,,,,,,,,,,,,,,,,,,,,,,
antivax patut malu la ngn nenek ni yg dh ambik vaksin,Negatif,,,,,,,,,,,,,,,,,,,,,,,,,
bupati tegal jawa tengah umi azizah dinyatakan terkonfirmasi Positif covid19 meski sebelumnya sudah disuntik vaksin covid19,Negatif,,,,,,,,,,,,,,,,,,,,,,,,,
efek samping vaksin varian astrazenecca di badan gue kuat banget dri pagi demam naik turun ditambah linu seluruh badan plus lemes banget,Negatif,,,,,,,,,,,,,,,,,,,,,,,,,
laju vaksinasi pendidik dan tenaga kependidikan sempat terhambat karena kemenkes mengalami isu ketersediaan impor vaksin pada bulan april,Negatif,,,,,,,,,,,,,,,,,,,,,,,,,
kayaknya belum deh le vaksin gotong royong buat swasta masih belum lancar distribusinya dan dosisnya aja masih terbatas di kantor gua aja baru dapet 4000 dosis yang artinya baru 2000 orang itu pun nanti bulan juni nunggu batch selanjurnya untuk sinopharm sama cansino,Negatif,,,,,,,,,,,,,,,,,,,,,,,,,
kok habis vaksin ga bisa balik normal lu kalo ga pake helm pas ada kereta juga kelindes lol gatau lu habis vaksin msh ga bs normal itu yg menganut paham faucism orang sehat abis vaksin msh ga bs hidup normal ibarat lu pake helm meski ga berkendara,Negatif,,,,,,,,,,,,,,,,,,,,,,,,,
politikus partai gerindra fadli zon terpapar covid19 tepat pada momen menjelang usianya yang ke 50 tahun netizen malah pertanyakan fungsi vaksin covid19,Negatif,,,,,,,,,,,,,,,,,,,,,,,,,
vaksin covid19 tidak pengaruhi jumlah produksi asi hasil uji klinis vaksin sinovac di brasil dan china tidak ada kaitannya produksi asi dengan vaksin ujarnya melalui youtube ikatan dokter indonesia,Negatif,,,,,,,,,,,,,,,,,,,,,,,,,
vaksin uji coba kali bos,Negatif,,,,,,,,,,,,,,,,,,,,,,,,,
kata geng bodoh anti vaksin ulama skrg tak boleh percaya,Negatif,,,,,,,,,,,,,,,,,,,,,,,,,
abis vaksin jadi meletoy,Negatif,,,,,,,,,,,,,,,,,,,,,,,,,
kadar kematian akibat covid19 dalam kalangan penduduk uruguay berumur 1870 tahun yang sudah lengkap menerima dos vaksin coronavac turun sebanyak 97 peratus dalam tempoh 14 hari,Negatif,,,,,,,,,,,,,,,,,,,,,,,,,
elite gombel ini pedagang vaksinmakanya bela vaksin mati2an,Negatif,,,,,,,,,,,,,,,,,,,,,,,,,
selain website daftar vaksin yg tekan tekan tak takleh tttt website kpdnhep juga dalam kategori sama tttt,Negatif,,,,,,,,,,,,,,,,,,,,,,,,,
aku abis vaksin tanganku pegel hampir seminggu dipake mabok aja beneran deh gk kerasa apa2 gk sakit gk apa,Negatif,,,,,,,,,,,,,,,,,,,,,,,,,
bpk temukan laporan hibah vaksin dan donasi covid19 tak tertib di pemkot kendari tetap raih wtp lewat,Negatif,,,,,,,,,,,,,,,,,,,,,,,,,
dapat jadwal vaksin tapi eike bingung kalo abis vaksin kan ada efeknya yaa minimal lemes2 lah nah ini dua orang bocil dan satu dewasa menggantungkan hidupnya padaku ki piyee apalagi kalo satu dewasanya ini juga vaksin,Negatif,,,,,,,,,,,,,,,,,,,,,,,,,
sekarang vaccine lebih berharga dari emas,Negatif,,,,,,,,,,,,,,,,,,,,,,,,,
besok hari lahir pancasila mari kita lihat jadi apa masalah bansos kpk kkn oligarki pembangunan infrastruktur yang salah bestek ekonomi tergantung hutang vaksin tidak jelas hukum amburadul apakah ada atau tambah sontoloyo siap,Negatif,,,,,,,,,,,,,,,,,,,,,,,,,
selain dari vaksin yang boleh buat kita mati dalam masa dua tahun apa lagi yang boleh buat kita mati dengan cepat selain bunuh diri,Negatif,,,,,,,,,,,,,,,,,,,,,,,,,
ni kalau hoax bisa di pidana ga sih dikira abis di vaksin manuisa jadi mutan,Negatif,,,,,,,,,,,,,,,,,,,,,,,,,
antivax ambil vaksin cepat mati also antivax apa yg berlaku hari ni adalah akhir zaman,Negatif,,,,,,,,,,,,,,,,,,,,,,,,,
sedikit kecewa orang ajar agama ni suka hati boleh tentukan bila orang boleh mati lagi lagi bab vaksin which aku rasa bukan dalam bidang dia pun katanya kau ikut telunjuk siapa,Negatif,,,,,,,,,,,,,,,,,,,,,,,,,
oke dikit lagi jefan ayla berdiskusi menyelesaikan isu global membuat vaksin merakit bom,Negatif,,,,,,,,,,,,,,,,,,,,,,,,,
shit gua alergi vaksin,Negatif,,,,,,,,,,,,,,,,,,,,,,,,,
testi setelah vaksin badan pengen meledak nyerinya bikin nangis demam sampe ngimpi yg jelek2 tangan mo ngewel terus pokoknya lemes sebadan2,Negatif,,,,,,,,,,,,,,,,,,,,,,,,,
kalau 2 tahun lagi orang yang dah ambil vaksin sihat walafiat ustad lebai yang alim lebih nih pula meninggal,Negatif,,,,,,,,,,,,,,,,,,,,,,,,,
yang pertama kali gue pikirin abis di vaksin nanti takut di kontrol pemerintah kek di film divergent anjir,Negatif,,,,,,,,,,,,,,,,,,,,,,,,,
demi nyelamatin diri sendiri orang lain jadi korban hampir aja emak w ketipu vaksin coronces serem banget,Negatif,,,,,,,,,,,,,,,,,,,,,,,,,
banyak yg takut setelah vaksin jadi magnet kulkas,Negatif,,,,,,,,,,,,,,,,,,,,,,,,,
suntik vaksin sakit ga sihh gue takutt,Negatif,,,,,,,,,,,,,,,,,,,,,,,,,
untung vaksin nya hari ini besok bisa bedrest udah di prediksi bakal demam ky yg lain,Negatif,,,,,,,,,,,,,,,,,,,,,,,,,
manada babi dalam vaksin yang babi tu kau,Negatif,,,,,,,,,,,,,,,,,,,,,,,,,
susah kak takut dikira pro bill gates pasang chips abis vaksin,Negatif,,,,,,,,,,,,,,,,,,,,,,,,,
vaksin percuma,Negatif,,,,,,,,,,,,,,,,,,,,,,,,,
takutnya effect vaksin ni,Negatif,,,,,,,,,,,,,,,,,,,,,,,,,
sama woiii gw jg terpaksa nipu aja blg udh vaksin krn org kantor pd parno anjrittt,Negatif,,,,,,,,,,,,,,,,,,,,,,,,,
micin ga bikin bodo kalau vaksin bisa bikin mati,Negatif,,,,,,,,,,,,,,,,,,,,,,,,,
efek vaksin kenapa kaki jadi semutan ya,Negatif,,,,,,,,,,,,,,,,,,,,,,,,,
sebelum vaksin sempat merasakan ke normalan haid bener2 tepat di tgl yg sama stlh vaksin balik ke siklus lama bahkan lebih dari 35 hari siklusnya,Negatif,,,,,,,,,,,,,,,,,,,,,,,,,
cina bisa digugat class action ga ya oleh negara2 yg terdampak misal trrbukti sumberny bocor dri lab cina di wuhan krena udh mnyulitkan bnyk negara milyaran manusia tpi cina mukanya ga ada tuh rasa bersalah die mh ttep aj sibuk bikin jebakan utang trmsuk ngutangin vaksin,Negatif,,,,,,,,,,,,,,,,,,,,,,,,,
kalau disini aku gak paham deh gimana caranya yng selain kategori itu bisa dapet vaksin the power of orang dalem mungkin ya,Negatif,,,,,,,,,,,,,,,,,,,,,,,,,
saya gak mau di vaksin,Negatif,,,,,,,,,,,,,,,,,,,,,,,,,
indonesia tak dapat kuota haji 2021 gegara vaksin sinovac belum bersertifikasi who,Negatif,,,,,,,,,,,,,,,,,,,,,,,,,
nanya kok ke menkes nanya ke masyarakat yg ngumpul2 ga jaga prokes yg hajatan arisan halal bi halal nanya yg ignorant yg nganggap covid ga ada yg ga mau vaksin banyak itu di masyarakat,Negatif,,,,,,,,,,,,,,,,,,,,,,,,,
abis di vaksin kok nyeri gini dah,Negatif,,,,,,,,,,,,,,,,,,,,,,,,,
mending kalo mau data siapa mau vaksin itu lewat google form kan jadi clear lho gak cuman jadi perdebatan di grup doang gud pipel gud pipel doang eksennya gak gud,Negatif,,,,,,,,,,,,,,,,,,,,,,,,,
iyaa kl yg di bahudigoyang2 ga jatuh biar kita miring2 atau loncat2 juga vaksin atau ga vaksinsama ada2 aja semua dijadiin konten,Negatif,,,,,,,,,,,,,,,,,,,,,,,,,
abg yg babi bkn vaksin,Negatif,,,,,,,,,,,,,,,,,,,,,,,,,
manfaatnya buat ngabisin anggaran vaksinproyek,Negatif,,,,,,,,,,,,,,,,,,,,,,,,,
ya bukan masalah vaksin doang gaksi gtgt liat dong gimana penanganan sama sikap masyarakatnya wqwq,Negatif,,,,,,,,,,,,,,,,,,,,,,,,,
bung fadli zon Positif covid19 pdhl pengakuan beliau sdh 2 x divaksin tp ttap bisa terpapar lalu yg jd pertanyaan apa manfaat vaksin,Negatif,,,,,,,,,,,,,,,,,,,,,,,,,
yg beranggapan bhw jk sdh vaksin jadi kebal virus corona adalah kejahilan yg nyata,Negatif,,,,,,,,,,,,,,,,,,,,,,,,,
sembako dimakanmasih oke lah alat tesvaksinmasker dimakan juga ampunn,Negatif,,,,,,,,,,,,,,,,,,,,,,,,,
kok aku insecure yaa orang rumah udh pada vaksin aku sendiri yg belom,Negatif,,,,,,,,,,,,,,,,,,,,,,,,,
sudah vaksin 2 kali tetap saja terkena covid jadi untuk apa vaksin itu,Negatif,,,,,,,,,,,,,,,,,,,,,,,,,
yaelah kirim vaksin terus gak ada untungnya hanya orang sakit jiwa aja yang mau divaksin ambo mah ogah divaksin salam teluuur,Negatif,,,,,,,,,,,,,,,,,,,,,,,,,
maka ny enak jadi lansia ga ush daftar udh di panggil untuk di vaksin,Negatif,,,,,,,,,,,,,,,,,,,,,,,,,
d sni sblm puasa ada petugas keliling mau ngedata siapa yg mau d vaksin covidtryata byk wrga yg tidak mau walhasil smpe saat ini blm ada kelanjutan lg,Negatif,,,,,,,,,,,,,,,,,,,,,,,,,
duh gawat bun gimana nih kalo mau steril kudu khatam vaksin dulu yah,Negatif,,,,,,,,,,,,,,,,,,,,,,,,,
vaksin sudah beberapa kali datang tapi saya blm dapat giliran sementara yg menolak dan nyinyir suda divaksin duluan penak zaman pakdhe toh,Negatif,,,,,,,,,,,,,,,,,,,,,,,,,
sblm suntik vit b c ga bikin demam kan ya lo pikir ini vaksin emange kowe balita mbak setelah suntik aku kok laper terus ya abis vaksin gawat nih omg pny temen pada ajaib gini,Negatif,,,,,,,,,,,,,,,,,,,,,,,,,
mau vaksin aja sombong aku mah engga wkwk,Negatif,,,,,,,,,,,,,,,,,,,,,,,,,
sasaran vaksin 181 juta total yang sudah di vaksin 2x baru 10 juta jumlah yang di test persejuta orang cuma 34 ribu gak boleh mudik tapi boleh wisata kalau gue jadi otoritas ksa gak bakalan gue ijinin juga apalagi kuota haji indonesia normalnya banyak dong,Negatif,,,,,,,,,,,,,,,,,,,,,,,,,
belum balik langsung diterror laporan vaksin dari dinas laporan sasaran vaksin selanjutnya dan jadwal vaksin 680 orang,Negatif,,,,,,,,,,,,,,,,,,,,,,,,,
betul maling yg cerdas sudah menguasai segala kekuasaan yg ada sehingga vaksin yg menjaga dan memusnakan maling bisa disingkirkan dengan sistem yg mereka telah kuasai dulu banyak vaksin diharapkan tp sekarang sangat mengecewakan,Negatif,,,,,,,,,,,,,,,,,,,,,,,,,
vaksin aja yg mau deh yg ga mau ya sudahlah kaya penting aja dipaksa2,Negatif,,,,,,,,,,,,,,,,,,,,,,,,,
lebih bahaya vaksin daripada corona,Negatif,,,,,,,,,,,,,,,,,,,,,,,,,
percuma vaksin pak kalau pengangguran masih banyak,Negatif,,,,,,,,,,,,,,,,,,,,,,,,,
iya begitu lambat kalau vaksin lokal baru tahun depan ya keburu bubaran kabeh,Negatif,,,,,,,,,,,,,,,,,,,,,,,,,
masyarakat takut di vaksin walikota kendari harap bantuanmedia,Negatif,,,,,,,,,,,,,,,,,,,,,,,,,
vaksinnya udah ada tapi ngga di vaksin prewe si yaa padahal kampus aing anak kemenkes,Negatif,,,,,,,,,,,,,,,,,,,,,,,,,
yang mau vaksin aja prosedurnya susah jadi males apalagi yg emang ga mau jadi klu seperti ini terus ya bakal panjang klu kata bloomberg sih indonesia diramal 10 tahun baru selesai vaksinasi mulai percaya nih aku sama bloomberg,Negatif,,,,,,,,,,,,,,,,,,,,,,,,,